Date,Baltic_Dry_Index,Fuel_Price_USD,Port_Congestion_Days,USD_INR_Rate,Target_Freight_Cost_Per_Ton
2023-01-01,1860,731.05,2,82.36,41.16
2023-01-02,2294,566.21,11,84.01,51.78
2023-01-03,2130,513.55,10,83.48,52.79
2023-01-04,2095,624.59,1,83.16,44.47
2023-01-05,2638,812.2,8,83.41,65.0
2023-01-06,3169,611.03,2,86.02,54.38
2023-01-07,1466,588.04,7,86.65,41.97
2023-01-08,2238,585.07,9,84.03,55.04
2023-01-09,1330,706.07,9,86.53,50.43
2023-01-10,2482,890.22,8,83.61,63.8
2023-01-11,3135,683.6,11,84.38,65.99
2023-01-12,1130,722.92,10,83.13,46.99
2023-01-13,2685,844.25,9,85.2,69.08
2023-01-14,1769,714.03,2,86.89,41.96
2023-01-15,3391,573.79,6,85.02,53.47
2023-01-16,2515,619.84,4,83.79,46.81
2023-01-17,3433,623.97,4,85.24,58.2
2023-01-18,2215,658.93,5,82.61,51.49
2023-01-19,1955,670.72,3,86.44,43.63
2023-01-20,3324,819.91,1,84.52,61.45
2023-01-21,2184,639.75,8,84.25,51.98
2023-01-22,1459,687.29,5,84.93,38.78
2023-01-23,1021,749.99,3,85.12,36.23
2023-01-24,3300,651.09,10,82.36,68.22
2023-01-25,1747,834.63,7,85.41,53.53
2023-01-26,1474,734.98,7,83.21,44.78
2023-01-27,2082,617.62,1,85.57,40.15
2023-01-28,3047,785.62,9,86.11,72.91
2023-01-29,1975,711.06,2,86.02,41.62
2023-01-30,2806,713.78,5,84.76,58.29
2023-01-31,1189,692.44,5,84.6,35.97
2023-02-01,1562,698.8,8,82.71,50.31
2023-02-02,2899,806.14,8,85.88,63.39
2023-02-03,2267,541.19,7,83.36,50.21
2023-02-04,2528,633.75,7,84.48,52.21
2023-02-05,1646,530.2,11,83.42,49.45
2023-02-06,3068,801.3,6,82.67,61.9
2023-02-07,3214,608.92,6,85.15,57.98
2023-02-08,2297,858.97,11,82.27,66.12
2023-02-09,3435,710.63,9,85.74,68.31
2023-02-10,1600,820.3,6,83.59,50.37
2023-02-11,3363,891.57,2,82.0,63.0
2023-02-12,3061,835.92,2,84.56,58.82
2023-02-13,1241,846.8,5,82.23,46.2
2023-02-14,3041,663.19,4,83.38,55.61
2023-02-15,2363,720.69,11,85.53,59.76
2023-02-16,3139,601.56,2,82.31,51.37
2023-02-17,2390,578.45,3,86.2,48.14
2023-02-18,2478,702.2,7,82.02,56.58
2023-02-19,1775,738.02,8,83.23,50.2
2023-02-20,1034,635.71,6,85.7,39.21
2023-02-21,3253,727.78,11,83.58,71.8
2023-02-22,2955,854.98,5,82.51,63.74
2023-02-23,2585,722.69,1,83.8,47.08
2023-02-24,2021,788.33,8,83.35,54.5
2023-02-25,2129,822.13,3,86.21,49.1
2023-02-26,2500,895.49,6,83.57,60.14
2023-02-27,1702,741.28,3,85.94,44.84
2023-02-28,3449,822.74,7,86.46,70.26
2023-03-01,2579,885.06,7,84.17,63.59
2023-03-02,1161,877.76,9,86.55,54.15
2023-03-03,1201,556.43,5,83.89,37.58
2023-03-04,2981,662.56,8,86.82,61.4
2023-03-05,1995,629.6,10,82.45,51.47
2023-03-06,3317,534.77,10,85.44,62.78
2023-03-07,1815,753.3,8,84.47,52.23
2023-03-08,1455,794.36,1,83.94,41.54
2023-03-09,2275,839.25,5,85.16,55.37
2023-03-10,2016,549.11,3,85.52,39.82
2023-03-11,3343,850.58,1,82.02,58.98
2023-03-12,1337,757.17,4,82.83,41.95
2023-03-13,1878,781.58,8,85.57,56.01
2023-03-14,2076,864.25,3,85.33,54.37
2023-03-15,1791,749.9,10,86.83,55.0
2023-03-16,3264,634.35,2,85.81,54.58
2023-03-17,1763,830.04,11,86.75,56.6
2023-03-18,3235,645.22,9,85.51,69.08
2023-03-19,1379,513.69,10,83.49,41.4
2023-03-20,1492,832.26,5,82.53,49.73
2023-03-21,2180,638.08,7,85.91,50.71
2023-03-22,3062,809.53,11,85.22,70.21
2023-03-23,1064,645.1,11,82.24,44.27
2023-03-24,2367,844.43,2,83.8,56.82
2023-03-25,2152,587.8,9,86.78,53.1
2023-03-26,3027,889.82,9,84.5,70.51
2023-03-27,2495,811.9,4,84.16,57.08
2023-03-28,2162,545.7,4,84.29,42.69
2023-03-29,2522,726.31,6,83.04,56.01
2023-03-30,1391,894.15,10,83.84,55.85
2023-03-31,2698,688.43,10,83.85,61.61
2023-04-01,1418,572.84,10,82.26,48.76
2023-04-02,3336,693.91,6,85.84,62.74
2023-04-03,1378,704.98,1,84.08,33.32
2023-04-04,2796,796.67,9,86.11,64.76
2023-04-05,3278,779.54,2,86.25,59.66
2023-04-06,3088,661.02,5,83.06,56.42
2023-04-07,3182,587.21,9,85.29,61.31
2023-04-08,1200,758.02,4,84.36,39.65
2023-04-09,2863,668.68,11,86.4,67.63
2023-04-10,1779,552.91,3,83.08,37.9
2023-04-11,1502,860.23,7,85.39,54.19
2023-04-12,3454,776.49,6,85.04,65.6
2023-04-13,2751,773.27,8,83.48,63.36
2023-04-14,1804,829.03,3,82.68,46.52
2023-04-15,3146,711.86,5,85.26,61.82
2023-04-16,2895,826.02,10,85.69,66.49
2023-04-17,2570,699.24,4,83.58,54.16
2023-04-18,1960,526.87,4,85.22,41.63
2023-04-19,2485,662.1,4,83.98,49.43
2023-04-20,2028,698.99,10,85.57,55.92
2023-04-21,1502,788.08,8,83.0,53.73
2023-04-22,1397,542.63,6,86.45,39.52
2023-04-23,1870,556.01,3,83.44,38.47
2023-04-24,1392,605.47,10,83.84,44.67
2023-04-25,1206,606.6,5,82.29,38.77
2023-04-26,2038,792.87,6,82.56,53.56
2023-04-27,2881,600.29,5,84.58,55.71
2023-04-28,2484,753.24,6,83.34,53.51
2023-04-29,1863,697.71,8,86.18,49.22
2023-04-30,1563,729.32,7,82.07,50.3
2023-05-01,2020,835.24,5,83.9,53.42
2023-05-02,1095,661.75,10,83.69,46.87
2023-05-03,2923,808.36,6,82.1,60.56
2023-05-04,2757,668.81,4,82.62,51.67
2023-05-05,3278,641.55,9,84.07,67.51
2023-05-06,2678,883.45,4,84.46,61.36
2023-05-07,1540,573.75,1,84.02,31.94
2023-05-08,2059,536.13,7,84.65,44.62
2023-05-09,2183,808.39,7,84.98,56.36
2023-05-10,2722,527.3,4,82.05,47.44
2023-05-11,2819,834.83,3,84.32,56.09
2023-05-12,2597,674.88,8,86.82,55.71
2023-05-13,1795,866.21,5,84.6,50.5
2023-05-14,2051,788.61,10,85.39,56.86
2023-05-15,2643,744.16,7,83.56,57.06
2023-05-16,2363,879.72,4,85.87,56.62
2023-05-17,2981,658.66,4,85.86,55.46
2023-05-18,2354,881.63,8,84.61,62.96
2023-05-19,2663,554.0,8,86.88,51.95
2023-05-20,2529,693.5,2,82.63,49.11
2023-05-21,3038,607.96,2,82.08,55.77
2023-05-22,2496,715.94,3,85.85,50.19
2023-05-23,3237,564.81,3,86.04,55.46
2023-05-24,2408,836.61,1,82.6,52.31
2023-05-25,2400,838.56,3,83.33,55.39
2023-05-26,2306,882.09,6,82.09,58.86
2023-05-27,1972,561.87,8,83.47,49.71
2023-05-28,2768,749.33,10,85.87,66.56
2023-05-29,2282,689.69,6,84.59,53.78
2023-05-30,1709,637.75,5,83.74,41.49
2023-05-31,2479,640.62,4,83.86,46.59
2023-06-01,2434,665.12,3,82.01,45.69
2023-06-02,1648,781.97,4,83.5,45.4
2023-06-03,1317,739.31,7,85.23,47.04
2023-06-04,2257,683.87,1,86.87,42.38
2023-06-05,1683,530.37,7,86.24,45.09
2023-06-06,1663,531.11,1,82.12,33.06
2023-06-07,2998,500.94,2,86.49,47.02
2023-06-08,2631,887.08,4,85.92,57.25
2023-06-09,2495,502.1,1,85.9,37.74
2023-06-10,2136,541.24,11,84.29,54.56
2023-06-11,2853,625.84,11,83.99,67.23
2023-06-12,2520,822.97,11,83.51,66.26
2023-06-13,3489,884.84,9,82.33,71.23
2023-06-14,1563,816.01,6,83.14,50.67
2023-06-15,2291,776.22,1,83.23,44.45
2023-06-16,2636,708.52,1,84.42,46.7
2023-06-17,1698,534.68,6,85.74,41.54
2023-06-18,3160,883.27,4,84.37,64.34
2023-06-19,1001,803.36,4,82.29,38.09
2023-06-20,1641,755.58,11,86.79,55.02
2023-06-21,3267,803.61,6,86.71,67.21
2023-06-22,2589,789.64,11,85.93,67.78
2023-06-23,1854,754.89,7,86.96,54.19
2023-06-24,2759,892.23,9,84.72,71.68
2023-06-25,3432,861.35,10,86.81,76.78
2023-06-26,2661,758.67,5,82.38,56.44
2023-06-27,2153,777.27,9,83.83,60.07
2023-06-28,2076,520.64,4,83.13,43.31
2023-06-29,2707,767.97,10,82.98,66.12
2023-06-30,2695,517.67,2,82.7,45.83
2023-07-01,2733,735.31,3,85.11,52.07
2023-07-02,2439,899.74,11,85.91,65.83
2023-07-03,3294,722.32,1,84.89,55.92
2023-07-04,1835,689.28,6,82.73,48.33
2023-07-05,1202,625.14,6,86.06,38.42
2023-07-06,1122,548.21,1,85.18,30.01
2023-07-07,1400,792.41,11,83.94,58.43
2023-07-08,1766,577.04,3,85.37,35.98
2023-07-09,1293,546.11,5,83.3,37.98
2023-07-10,3327,668.71,3,83.73,57.7
2023-07-11,1197,818.14,10,86.59,52.42
2023-07-12,2930,798.03,3,83.45,56.88
2023-07-13,3191,521.95,10,84.35,62.28
2023-07-14,1608,682.06,3,86.45,41.3
2023-07-15,2147,708.97,5,85.54,49.64
2023-07-16,1186,757.82,5,82.31,39.05
2023-07-17,2794,760.07,4,82.74,56.27
2023-07-18,1659,645.88,1,82.04,34.63
2023-07-19,2955,724.27,5,85.15,60.08
2023-07-20,3450,692.42,10,84.24,66.54
2023-07-21,2369,854.0,5,82.67,58.87
2023-07-22,2986,712.11,4,86.79,58.08
2023-07-23,2534,676.41,6,84.65,55.5
2023-07-24,1146,661.79,10,83.21,41.99
2023-07-25,2734,728.97,4,84.5,54.55
2023-07-26,2843,821.59,7,85.4,65.88
2023-07-27,1488,715.36,7,82.38,45.8
2023-07-28,2959,764.66,2,83.37,53.37
2023-07-29,2663,795.14,3,86.03,53.71
2023-07-30,3385,708.07,1,84.3,56.46
2023-07-31,1640,670.73,8,84.73,46.82
2023-08-01,2802,850.67,9,84.16,69.51
2023-08-02,2969,667.0,4,82.22,55.57
2023-08-03,3198,684.78,6,82.83,60.41
2023-08-04,2438,896.14,9,84.23,62.16
2023-08-05,2634,500.1,6,83.05,51.31
2023-08-06,1262,574.19,9,82.25,44.27
2023-08-07,2787,653.59,4,86.22,51.89
2023-08-08,3191,873.04,8,86.91,65.63
2023-08-09,3393,528.01,9,85.97,64.09
2023-08-10,1623,503.79,4,86.27,36.97
2023-08-11,2016,521.07,5,83.21,43.96
2023-08-12,1880,535.42,8,86.8,50.78
2023-08-13,3049,515.04,10,82.98,60.89
2023-08-14,2327,691.91,6,86.76,52.0
2023-08-15,3301,732.3,7,86.97,63.18
2023-08-16,1452,608.67,3,85.56,36.66
2023-08-17,2183,659.31,7,86.91,52.43
2023-08-18,3056,536.68,8,84.85,58.77
2023-08-19,2682,634.55,10,83.3,64.3
2023-08-20,3255,709.01,6,84.18,63.82
2023-08-21,2154,792.91,10,84.97,60.06
2023-08-22,1403,501.34,9,82.37,41.16
2023-08-23,3199,686.92,6,85.11,62.13
2023-08-24,3101,618.8,9,86.91,61.26
2023-08-25,2696,841.13,4,82.95,58.55
2023-08-26,1627,786.22,8,85.96,52.83
2023-08-27,1586,735.64,11,86.54,54.0
2023-08-28,2648,610.91,4,86.72,49.55
2023-08-29,2443,864.14,2,86.8,48.98
2023-08-30,2445,518.04,10,84.61,57.28
2023-08-31,1103,543.79,11,86.89,44.65
2023-09-01,1253,656.65,9,85.79,46.58
2023-09-02,2496,549.78,5,82.81,45.83
2023-09-03,1098,882.57,4,84.38,46.22
2023-09-04,3200,819.2,2,85.59,58.65
2023-09-05,2884,603.59,1,83.24,47.87
2023-09-06,2919,735.42,11,85.2,65.61
2023-09-07,1877,892.93,7,85.33,52.48
2023-09-08,1337,853.68,6,82.81,50.3
2023-09-09,1956,740.32,2,84.83,47.34
2023-09-10,2704,861.49,8,85.86,64.55
2023-09-11,1160,895.67,11,84.49,53.61
2023-09-12,2603,797.34,4,82.06,55.2
2023-09-13,1397,525.99,8,82.05,41.05
2023-09-14,2300,660.63,7,83.79,50.92
2023-09-15,1815,835.13,5,86.63,50.12
2023-09-16,2527,592.23,10,83.14,58.34
2023-09-17,2919,832.26,10,85.17,71.19
2023-09-18,2415,548.14,8,83.11,52.62
2023-09-19,2158,518.78,9,83.61,47.49
2023-09-20,2218,653.64,5,86.24,50.0
2023-09-21,1400,514.69,10,85.64,43.93
2023-09-22,1639,882.91,5,82.48,53.12
2023-09-23,1459,830.48,2,84.14,45.36
2023-09-24,1954,820.31,5,82.15,54.58
2023-09-25,1469,751.91,3,84.4,40.62
2023-09-26,2045,586.53,7,85.31,52.53
2023-09-27,2693,707.3,10,82.59,63.85
2023-09-28,3085,738.91,5,83.44,63.77
2023-09-29,3277,710.01,8,83.99,65.07
2023-09-30,1562,604.09,1,86.6,34.65
2023-10-01,3485,706.1,3,86.97,61.08
2023-10-02,2799,696.47,3,82.22,53.69
2023-10-03,3074,898.53,9,85.81,73.71
2023-10-04,1225,858.97,5,83.86,45.05
2023-10-05,1797,685.35,9,83.96,54.36
2023-10-06,3331,749.17,9,85.77,70.75
2023-10-07,1959,799.15,1,86.59,44.64
2023-10-08,2504,513.95,2,86.75,44.77
2023-10-09,1452,857.97,5,84.89,46.81
2023-10-10,1815,844.05,4,83.79,54.17
2023-10-11,1658,682.97,10,85.94,46.74
2023-10-12,1546,656.47,9,83.26,50.0
2023-10-13,2215,609.18,7,84.82,47.4
2023-10-14,1016,690.67,6,83.79,39.43
2023-10-15,2243,517.75,7,85.28,48.29
2023-10-16,3205,840.88,1,83.2,61.79
2023-10-17,2069,514.17,1,82.96,36.23
2023-10-18,3146,631.62,8,86.59,65.02
2023-10-19,2768,872.64,2,82.51,54.5
2023-10-20,2060,794.09,10,84.53,62.12
2023-10-21,3327,612.56,11,83.1,67.2
2023-10-22,1301,601.06,9,82.19,44.69
2023-10-23,1180,502.03,7,82.18,36.69
2023-10-24,1606,778.29,6,82.88,50.97
2023-10-25,1699,519.51,1,86.33,36.25
2023-10-26,1992,713.04,1,83.41,43.7
2023-10-27,2139,884.85,2,86.75,48.63
2023-10-28,1190,543.79,6,84.91,35.78
2023-10-29,3300,857.79,6,84.18,65.68
2023-10-30,1980,896.59,2,84.9,45.2
2023-10-31,3006,524.61,1,84.58,49.82
2023-11-01,2184,853.16,10,85.79,61.78
2023-11-02,1127,706.43,5,83.41,39.29
2023-11-03,3065,862.61,5,83.77,67.02
2023-11-04,2816,728.53,2,86.47,52.06
2023-11-05,2758,764.84,6,86.73,57.84
2023-11-06,1569,717.51,9,86.46,50.27
2023-11-07,2346,845.8,2,84.1,49.57
2023-11-08,2895,793.56,10,85.9,68.45
2023-11-09,1625,708.5,2,84.38,39.76
2023-11-10,2686,847.26,3,84.49,55.76
2023-11-11,1154,598.11,7,83.02,38.8
2023-11-12,2409,562.94,6,84.96,49.77
2023-11-13,1784,564.16,8,82.93,46.93
2023-11-14,1245,633.6,8,83.66,42.42
2023-11-15,2500,595.48,6,86.28,51.15
2023-11-16,2705,872.04,11,83.04,69.55
2023-11-17,1537,542.33,10,82.36,46.28
2023-11-18,2890,779.6,3,82.35,56.85
2023-11-19,2841,575.69,3,86.7,48.83
2023-11-20,1920,852.65,1,84.53,48.29
2023-11-21,3455,884.53,7,84.05,71.78
2023-11-22,1524,686.19,5,86.05,42.32
2023-11-23,2529,851.63,4,86.18,57.53
2023-11-24,1035,502.06,10,83.66,40.26
2023-11-25,1684,827.98,4,85.47,44.21
2023-11-26,1019,591.45,4,85.86,34.62
2023-11-27,3368,863.48,6,85.27,66.55
2023-11-28,1399,500.45,8,82.76,42.87
2023-11-29,1971,722.47,8,86.38,52.9
2023-11-30,2906,802.65,5,84.7,62.2
2023-12-01,2166,603.48,6,83.41,47.5
2023-12-02,2115,577.25,4,84.13,44.61
2023-12-03,1833,533.64,11,82.19,53.26
2023-12-04,2823,630.57,9,82.64,60.11
2023-12-05,2982,723.94,8,85.83,62.36
2023-12-06,1853,546.34,10,82.0,51.23
2023-12-07,1050,650.68,10,84.08,46.29
2023-12-08,1574,503.63,1,84.61,31.25
2023-12-09,2148,827.47,2,82.27,45.33
2023-12-10,3197,551.38,9,86.87,60.79
2023-12-11,3361,613.34,8,83.13,65.36
2023-12-12,3352,507.37,3,83.52,51.69
2023-12-13,2715,672.9,8,83.52,59.32
2023-12-14,1681,836.05,1,83.15,42.08
2023-12-15,1837,656.86,10,82.01,49.21
2023-12-16,2077,571.8,4,85.65,42.57
2023-12-17,3491,801.48,3,86.83,64.8
2023-12-18,3311,815.52,6,83.12,61.84
2023-12-19,2595,569.5,7,85.32,54.04
2023-12-20,1004,808.34,4,85.71,37.92
2023-12-21,2126,878.92,7,86.24,59.34
2023-12-22,2219,566.55,9,84.11,54.12
2023-12-23,1773,808.39,11,83.51,58.14
2023-12-24,1876,783.43,2,83.63,44.92
2023-12-25,1991,689.43,11,85.56,55.48
2023-12-26,1046,523.17,3,86.08,27.96
2023-12-27,1268,529.88,5,82.91,39.47
2023-12-28,1369,840.97,3,83.85,41.69
2023-12-29,1635,896.06,11,86.51,62.87
2023-12-30,2129,770.42,8,86.03,54.68
2023-12-31,2693,678.38,10,86.92,63.33
2024-01-01,2682,759.03,8,85.77,59.32
2024-01-02,1656,737.76,8,83.97,51.74
2024-01-03,1119,653.44,9,84.95,43.64
2024-01-04,1830,526.25,4,85.31,39.46
2024-01-05,2810,828.61,5,82.39,61.68
2024-01-06,2081,648.73,5,84.72,46.83
2024-01-07,2974,827.51,8,85.55,63.71
2024-01-08,2369,601.0,7,82.84,53.74
2024-01-09,1740,500.41,9,85.9,43.62
2024-01-10,1116,563.58,8,84.92,41.1
2024-01-11,2853,687.42,2,86.76,54.1
2024-01-12,2150,877.72,10,82.21,62.08
2024-01-13,2931,540.88,4,83.33,53.9
2024-01-14,2012,841.68,6,85.01,55.33
2024-01-15,2664,710.81,2,83.48,49.57
2024-01-16,2081,830.37,7,85.57,59.02
2024-01-17,1633,619.35,3,85.8,37.13
2024-01-18,1512,835.98,3,82.51,43.95
2024-01-19,2119,809.13,11,84.57,61.55
2024-01-20,2141,592.02,2,84.54,43.38
2024-01-21,1559,552.53,11,83.85,50.9
2024-01-22,1487,847.22,8,86.66,54.39
2024-01-23,1896,885.29,6,86.14,54.97
2024-01-24,2212,512.52,1,85.49,38.44
2024-01-25,1703,792.51,1,85.57,38.65
2024-01-26,2470,863.81,7,84.31,58.49
2024-01-27,1580,842.94,8,86.6,56.62
2024-01-28,3294,885.81,5,85.47,63.34
2024-01-29,1153,804.04,11,85.64,50.58
2024-01-30,2679,676.92,5,86.31,56.89
2024-01-31,1996,624.78,4,83.37,45.12
2024-02-01,2243,628.3,6,86.04,52.14
2024-02-02,2092,789.77,6,82.98,54.7
2024-02-03,2008,798.33,3,83.73,51.47
2024-02-04,3141,580.14,9,83.68,62.91
2024-02-05,2773,847.25,11,86.89,70.97
2024-02-06,1957,785.97,7,86.28,52.2
2024-02-07,1452,725.1,1,85.51,38.95
2024-02-08,2227,688.61,7,85.64,52.64
2024-02-09,3265,717.29,5,84.81,60.76
2024-02-10,3479,563.7,5,86.74,60.99
2024-02-11,3388,581.48,2,84.48,56.13
2024-02-12,1550,536.47,4,83.9,40.97
2024-02-13,2635,561.46,6,82.82,55.44
2024-02-14,2312,681.48,10,85.93,60.4
2024-02-15,2757,712.14,11,85.67,61.99
2024-02-16,1356,507.14,7,83.92,42.93
2024-02-17,3070,818.72,11,82.13,73.6
2024-02-18,2785,617.67,5,86.19,52.35
2024-02-19,2781,864.73,9,82.06,68.71
2024-02-20,3489,887.0,3,85.52,63.93
2024-02-21,2631,574.18,1,86.85,46.27
2024-02-22,2015,684.84,4,84.19,44.06
2024-02-23,2348,500.49,9,83.17,50.38
2024-02-24,1515,739.33,4,85.52,44.75
2024-02-25,1335,742.92,2,86.09,40.78
2024-02-26,2782,599.02,10,84.73,61.44
2024-02-27,3305,723.37,5,86.84,61.68
2024-02-28,1496,590.22,3,82.26,32.94
2024-02-29,1895,564.33,9,84.52,48.96
2024-03-01,3207,760.61,4,85.59,61.96
2024-03-02,1851,630.37,6,86.31,45.79
2024-03-03,2687,736.11,2,82.9,51.91
2024-03-04,2931,673.3,6,86.0,58.14
2024-03-05,3427,893.74,3,84.76,64.94
2024-03-06,2568,559.83,9,83.98,56.13
2024-03-07,1956,685.84,11,82.66,56.09
2024-03-08,2636,772.18,2,86.33,55.41
2024-03-09,2291,658.22,9,82.79,51.74
2024-03-10,2440,889.88,5,83.55,57.5
2024-03-11,2191,788.76,8,83.45,55.83
2024-03-12,2066,762.79,2,86.36,46.98
2024-03-13,1284,802.82,6,85.36,46.08
2024-03-14,3444,881.06,3,85.98,68.62
2024-03-15,1011,863.13,10,83.25,54.91
2024-03-16,2630,789.71,5,85.12,55.95
2024-03-17,1753,799.66,8,84.86,53.52
2024-03-18,3082,558.37,10,86.16,62.96
2024-03-19,1089,541.12,1,86.53,27.03
2024-03-20,1775,728.36,5,82.06,48.36
2024-03-21,2625,507.35,3,85.37,45.49
2024-03-22,1417,692.94,4,82.26,38.82
2024-03-23,1114,584.14,2,84.74,31.11
2024-03-24,1616,638.41,9,83.44,46.82
2024-03-25,1825,810.32,3,83.53,49.13
2024-03-26,2649,876.5,2,83.76,59.59
2024-03-27,2516,528.97,10,85.11,56.52
2024-03-28,1412,713.7,11,83.67,52.25
2024-03-29,1728,853.01,9,85.66,56.68
2024-03-30,1675,533.0,7,84.02,45.6
2024-03-31,2892,829.81,6,82.34,65.14
2024-04-01,3239,643.12,1,85.92,52.95
2024-04-02,2122,628.84,5,83.43,48.09
2024-04-03,2571,890.99,11,84.16,70.24
2024-04-04,1977,580.34,11,85.43,51.4
2024-04-05,2008,777.28,3,83.66,50.32
2024-04-06,3143,828.58,1,82.28,61.26
2024-04-07,2687,516.47,4,83.87,50.69
2024-04-08,1036,768.15,2,86.72,33.91
2024-04-09,2548,880.62,2,85.21,50.96
2024-04-10,3326,549.69,3,85.36,55.67
2024-04-11,3264,858.49,8,85.16,68.87
2024-04-12,1872,737.91,8,82.99,53.43
2024-04-13,2821,746.64,7,84.09,64.18
2024-04-14,2296,745.18,6,85.75,53.0
2024-04-15,3109,619.53,9,82.51,62.42
2024-04-16,1595,874.08,4,83.39,48.73
2024-04-17,2903,878.94,1,83.38,54.3
2024-04-18,1728,750.12,8,84.16,50.27
2024-04-19,2365,813.37,7,86.9,58.6
2024-04-20,1396,744.9,7,82.34,46.21
2024-04-21,1698,693.76,3,84.59,43.51
2024-04-22,3224,764.33,4,82.9,66.7
2024-04-23,2635,721.2,10,86.85,63.18
2024-04-24,1395,738.99,9,82.57,47.94
2024-04-25,3492,813.53,6,84.02,71.16
2024-04-26,1075,692.36,5,85.69,35.84
2024-04-27,1264,516.3,3,85.52,29.85
2024-04-28,2819,565.6,9,84.11,57.47
2024-04-29,1717,675.44,5,83.73,44.37
2024-04-30,1850,789.93,5,83.99,48.46
2024-05-01,2390,737.31,4,83.32,51.96
2024-05-02,1143,760.12,4,83.03,40.78
2024-05-03,1884,691.71,1,84.42,43.23
2024-05-04,1395,746.3,7,83.34,47.02
2024-05-05,2492,631.61,9,83.44,56.24
2024-05-06,2167,688.07,3,85.28,48.84
2024-05-07,2062,797.71,2,86.84,45.92
2024-05-08,3156,848.73,3,85.02,58.26
2024-05-09,2065,673.46,1,82.38,44.77
2024-05-10,2209,517.46,6,82.38,48.9
2024-05-11,3445,564.67,11,86.76,66.31
2024-05-12,1633,508.34,11,83.49,47.28
2024-05-13,2156,761.31,7,82.46,53.07
2024-05-14,2238,632.93,11,85.0,58.52
2024-05-15,1732,716.99,11,85.12,58.79
2024-05-16,1234,697.31,2,85.24,37.67
2024-05-17,1750,532.61,8,83.34,47.55
2024-05-18,1953,661.3,6,82.08,50.01
2024-05-19,2542,588.22,4,86.83,49.07
2024-05-20,2197,667.36,5,83.25,51.66
2024-05-21,2676,581.43,8,85.38,57.69
2024-05-22,2191,836.18,3,85.53,54.37
2024-05-23,3217,569.68,3,85.05,52.84
2024-05-24,2416,884.31,11,83.56,63.71
2024-05-25,2217,666.36,4,83.36,50.25
2024-05-26,2540,838.5,1,84.99,52.75
2024-05-27,3076,751.51,9,86.33,66.21
2024-05-28,2445,794.14,8,86.73,59.79
2024-05-29,3386,807.09,8,82.53,75.18
2024-05-30,2519,701.94,10,82.77,59.96
2024-05-31,2388,717.32,6,86.72,52.69
2024-06-01,2856,705.6,7,85.68,60.4
2024-06-02,2365,735.22,6,86.41,57.07
2024-06-03,1499,511.76,9,83.01,48.4
2024-06-04,2680,658.21,3,84.94,52.36
2024-06-05,1510,742.48,3,85.51,39.33
2024-06-06,1216,739.09,3,85.4,42.77
2024-06-07,2324,817.18,10,84.04,62.72
2024-06-08,2155,762.0,3,82.08,47.23
2024-06-09,2827,896.85,9,84.91,66.52
2024-06-10,2810,613.54,4,83.27,54.18
2024-06-11,3492,643.66,7,84.25,65.21
2024-06-12,2205,653.54,9,86.79,55.85
2024-06-13,3214,686.33,11,84.0,71.8
2024-06-14,1090,834.4,7,86.2,44.83
2024-06-15,1713,594.32,9,82.94,51.19
2024-06-16,2881,810.4,3,85.36,56.58
2024-06-17,1038,662.12,4,86.89,40.57
2024-06-18,1172,740.74,8,82.51,47.14
2024-06-19,1652,753.02,6,82.04,46.27
2024-06-20,1753,649.14,5,84.17,40.45
2024-06-21,2243,705.05,4,82.46,51.2
2024-06-22,2081,665.21,8,85.74,52.02
2024-06-23,2683,527.65,1,86.57,43.85
2024-06-24,1455,674.87,9,84.17,49.83
2024-06-25,1828,538.96,1,83.29,37.97
2024-06-26,1894,662.01,8,84.17,53.25
2024-06-27,2384,737.17,4,85.62,49.61
2024-06-28,2958,731.77,9,82.05,67.88
2024-06-29,3434,765.05,11,84.95,72.63
2024-06-30,2996,538.1,5,85.07,49.09
2024-07-01,3395,760.85,3,85.19,58.92
2024-07-02,1189,624.86,9,83.21,44.57
2024-07-03,1504,659.62,11,85.57,49.37
2024-07-04,2214,843.19,9,82.46,60.76
2024-07-05,2531,503.61,4,83.0,47.09
2024-07-06,1823,735.37,11,86.39,56.43
2024-07-07,1928,739.49,4,85.69,46.48
2024-07-08,1933,658.66,8,82.07,48.59
2024-07-09,2140,594.81,2,83.24,42.29
2024-07-10,1133,593.87,9,83.07,38.52
2024-07-11,3105,853.48,6,83.35,64.28
2024-07-12,1684,676.81,9,83.24,48.79
2024-07-13,3220,632.36,8,82.31,62.69
2024-07-14,2852,679.51,7,84.29,58.98
2024-07-15,1814,767.76,1,85.66,44.59
2024-07-16,2172,558.3,3,85.03,46.14
2024-07-17,1079,679.77,11,85.36,45.45
2024-07-18,1202,735.15,2,82.41,41.06
2024-07-19,2252,879.43,5,86.76,54.84
2024-07-20,2699,601.01,5,86.19,52.87
2024-07-21,2250,643.7,5,86.03,50.33
2024-07-22,2682,651.74,4,86.11,57.26
2024-07-23,2555,742.22,5,86.66,54.23
2024-07-24,3094,642.69,3,84.72,51.13
2024-07-25,2256,713.4,1,83.0,48.44
2024-07-26,2549,812.72,5,85.08,55.7
2024-07-27,2166,782.15,9,85.71,57.9
2024-07-28,2396,678.55,9,85.69,55.58
2024-07-29,1470,845.69,4,84.61,45.35
2024-07-30,2035,723.26,3,82.34,44.87
2024-07-31,2353,715.96,1,83.86,47.86
2024-08-01,1967,513.68,2,86.6,38.24
2024-08-02,1357,894.68,8,84.92,51.05
2024-08-03,1667,549.19,1,84.69,36.64
2024-08-04,1372,592.45,8,83.34,44.0
2024-08-05,2031,520.68,7,83.84,42.74
2024-08-06,2145,756.0,8,86.48,57.97
2024-08-07,2371,589.88,6,85.33,50.78
2024-08-08,1089,572.0,9,85.94,44.33
2024-08-09,1539,535.42,3,84.27,36.2
2024-08-10,1868,541.32,10,85.15,48.34
2024-08-11,1040,733.87,4,83.24,38.01
2024-08-12,1739,775.28,6,85.53,51.26
2024-08-13,2946,658.95,8,84.14,59.69
2024-08-14,2224,691.96,5,84.21,49.62
2024-08-15,1928,774.39,3,85.25,46.57
2024-08-16,3036,506.95,6,86.68,52.27
2024-08-17,1924,629.25,4,82.32,42.6
2024-08-18,2581,889.24,9,86.12,66.33
2024-08-19,1389,732.04,3,83.46,42.76
2024-08-20,2617,601.69,4,84.22,50.85
2024-08-21,1255,708.69,7,82.11,44.22
2024-08-22,1708,637.06,7,83.51,45.03
2024-08-23,2838,712.9,4,84.51,57.96
2024-08-24,2944,550.3,6,82.28,55.82
2024-08-25,3497,553.09,3,84.46,54.65
2024-08-26,1009,557.42,6,86.64,37.61
2024-08-27,1797,875.93,2,82.53,48.37
2024-08-28,1876,793.16,8,85.82,52.93
2024-08-29,2028,564.95,2,84.05,40.03
2024-08-30,2015,575.34,11,85.28,52.92
2024-08-31,2824,792.33,7,83.3,67.78
2024-09-01,1373,562.47,9,82.8,45.17
2024-09-02,3193,593.82,1,82.8,51.62
2024-09-03,1223,885.34,8,82.35,51.74
2024-09-04,2262,602.12,7,82.93,53.94
2024-09-05,3224,764.65,6,85.32,64.01
2024-09-06,2802,891.45,6,86.41,62.58
2024-09-07,1852,649.72,6,86.07,48.7
2024-09-08,1062,507.01,9,85.43,38.98
2024-09-09,2240,597.66,2,82.55,41.19
2024-09-10,1688,832.35,1,83.45,40.82
2024-09-11,2484,845.84,6,83.55,62.27
2024-09-12,2633,807.41,10,83.25,65.82
2024-09-13,3152,545.24,11,84.58,63.2
2024-09-14,1510,818.2,8,84.68,51.18
2024-09-15,1384,867.47,3,83.78,45.98
2024-09-16,1404,740.24,10,83.77,50.66
2024-09-17,1517,876.35,1,86.14,40.06
2024-09-18,1475,830.74,9,85.95,53.82
2024-09-19,3000,766.79,1,83.54,56.92
2024-09-20,2668,730.87,3,86.57,55.39
2024-09-21,2893,639.43,8,86.76,58.99
2024-09-22,2460,563.71,3,83.63,48.55
2024-09-23,1713,741.98,4,83.77,45.82
2024-09-24,1082,627.24,8,84.53,44.12
2024-09-25,2168,846.58,1,86.71,49.72
2024-09-26,2901,897.33,6,86.38,61.89
2024-09-27,3048,800.97,1,82.51,59.5
2024-09-28,1050,536.19,1,83.96,28.19
2024-09-29,1684,615.47,8,84.77,48.46
2024-09-30,1716,543.64,11,84.52,47.28
2024-10-01,2469,760.2,4,82.97,54.51
2024-10-02,1448,806.08,1,86.29,42.37
2024-10-03,1880,870.27,10,85.38,63.78
2024-10-04,1487,675.27,7,86.19,48.43
2024-10-05,2823,860.55,5,86.29,62.65
2024-10-06,3081,851.16,5,85.74,60.76
2024-10-07,3142,626.88,1,84.2,51.99
2024-10-08,2574,847.56,10,85.05,64.98
2024-10-09,3201,650.27,11,82.8,68.49
2024-10-10,1249,618.75,6,85.37,37.62
2024-10-11,1673,759.63,9,82.9,52.6
2024-10-12,1437,631.35,9,85.47,45.78
2024-10-13,3165,752.08,8,83.15,65.12
2024-10-14,1770,743.93,5,82.59,46.44
2024-10-15,1267,725.38,1,82.83,35.66
2024-10-16,2984,652.17,9,82.01,63.48
2024-10-17,2077,719.4,1,85.59,38.86
2024-10-18,1235,738.59,8,85.66,41.75
2024-10-19,1388,718.27,5,84.57,42.25
2024-10-20,1762,677.77,3,82.81,42.06
2024-10-21,2848,505.87,11,82.42,60.53
2024-10-22,3448,734.82,7,82.1,65.57
2024-10-23,1623,567.38,7,82.83,43.77
2024-10-24,2252,757.03,9,86.45,58.98
2024-10-25,1577,803.74,7,83.21,48.91
2024-10-26,3122,700.18,11,83.77,70.75
2024-10-27,1434,716.95,3,82.53,40.7
2024-10-28,3150,880.59,11,83.11,75.51
2024-10-29,1763,838.87,1,84.6,44.43
2024-10-30,2329,865.69,8,85.04,65.47
2024-10-31,3145,825.51,3,83.23,61.91
2024-11-01,2358,543.57,8,82.29,50.91
2024-11-02,3482,559.6,8,83.96,65.25
2024-11-03,1446,710.65,5,83.17,40.0
2024-11-04,3017,598.43,1,83.1,49.86
2024-11-05,2331,690.68,10,86.8,59.67
2024-11-06,1248,657.75,7,85.08,42.97
2024-11-07,1165,719.77,10,84.78,47.58
2024-11-08,2358,798.75,5,84.08,53.02
2024-11-09,2019,786.2,8,84.14,54.2
2024-11-10,1541,708.49,9,84.7,50.37
2024-11-11,1758,828.96,11,85.48,56.72
2024-11-12,3128,672.34,7,85.51,65.49
2024-11-13,3180,858.69,7,82.86,62.78
2024-11-14,1796,528.51,1,84.5,34.67
2024-11-15,1137,881.86,4,84.06,44.05
2024-11-16,3231,761.88,2,86.35,59.18
2024-11-17,2353,652.03,2,85.16,44.26
2024-11-18,2875,578.86,2,84.66,51.38
2024-11-19,1068,691.67,4,82.58,34.64
2024-11-20,3100,577.82,1,85.03,48.7
2024-11-21,2473,566.53,4,82.59,48.97
2024-11-22,1204,746.94,2,83.69,39.53
2024-11-23,3173,709.23,5,82.71,57.7
2024-11-24,1042,768.04,3,85.46,43.25
2024-11-25,2906,871.84,8,83.03,65.42
2024-11-26,3158,712.9,4,83.96,56.34
2024-11-27,1760,732.37,1,86.48,42.08
2024-11-28,3142,535.85,1,83.02,48.3
2024-11-29,2994,787.05,10,84.54,67.56
2024-11-30,2935,659.96,3,84.1,54.84
2024-12-01,1899,890.69,9,82.09,56.16
2024-12-02,1359,829.27,7,85.96,45.56
2024-12-03,2719,708.99,2,82.35,50.26
2024-12-04,1280,549.29,9,84.37,44.93
2024-12-05,2887,843.77,10,84.8,68.07
2024-12-06,1666,819.91,2,85.14,47.46
2024-12-07,1092,573.83,3,85.44,35.04
2024-12-08,1671,618.11,11,83.27,52.32
2024-12-09,2969,817.36,10,82.05,69.89
2024-12-10,1060,574.09,2,85.62,31.39
2024-12-11,2028,867.1,3,84.68,51.11
2024-12-12,2489,669.81,6,86.18,53.25
2024-12-13,1603,534.82,9,86.11,45.07
2024-12-14,1681,826.3,9,86.22,52.96
2024-12-15,2428,649.4,7,84.43,49.84
2024-12-16,3280,710.6,3,83.67,60.83
2024-12-17,1523,544.92,4,85.96,37.89
2024-12-18,3393,501.03,6,84.26,57.97
2024-12-19,2968,755.19,11,82.92,69.63
2024-12-20,2101,706.07,5,86.27,48.04
2024-12-21,2753,737.42,2,86.41,50.65
2024-12-22,2836,817.5,6,84.33,61.32
2024-12-23,3296,758.64,3,82.38,62.96
2024-12-24,3094,569.91,8,83.94,57.7
2024-12-25,2144,644.31,2,86.02,38.52
2024-12-26,3261,862.36,1,86.51,58.94
2024-12-27,3286,807.98,9,83.02,72.88
2024-12-28,2079,722.65,3,82.33,43.5
2024-12-29,3397,602.26,11,86.39,66.18
2024-12-30,1106,620.82,1,83.95,31.71
2024-12-31,1047,792.78,7,84.71,49.89
2025-01-01,1336,840.47,10,86.84,50.86
2025-01-02,2049,768.57,5,82.33,48.25
2025-01-03,2280,823.81,5,85.24,55.69
2025-01-04,3055,806.66,1,82.37,58.66
2025-01-05,1624,559.88,9,83.88,45.29
2025-01-06,2890,669.58,7,86.02,56.24
2025-01-07,2276,561.19,8,84.17,52.46
2025-01-08,2715,594.09,9,86.99,59.7
2025-01-09,1302,847.7,6,84.8,51.01
2025-01-10,1638,689.16,5,83.61,45.87
2025-01-11,1055,714.14,6,83.1,42.63
2025-01-12,1725,571.38,11,83.75,50.37
2025-01-13,1525,624.91,2,83.86,41.88
2025-01-14,1473,592.1,4,82.34,37.7
2025-01-15,1027,582.47,3,83.85,31.02
2025-01-16,3125,755.18,7,84.32,68.02
2025-01-17,1364,602.75,9,85.61,42.27
2025-01-18,1525,752.81,5,85.28,41.64
2025-01-19,2335,523.38,6,85.54,48.29
2025-01-20,1882,556.71,10,82.04,50.52
2025-01-21,2030,609.82,2,83.09,41.14
2025-01-22,2026,738.82,3,85.31,48.91
2025-01-23,2646,770.34,3,84.42,52.25
2025-01-24,1918,677.09,9,82.03,53.12
2025-01-25,3410,678.32,7,86.02,64.23
2025-01-26,2774,789.81,8,85.86,61.65
2025-01-27,2531,506.33,11,84.74,56.88
2025-01-28,2906,636.44,10,82.33,64.86
2025-01-29,2215,827.48,11,85.83,67.72
2025-01-30,2654,741.29,9,84.92,63.44
2025-01-31,1484,634.89,6,85.91,37.87
2025-02-01,3075,862.21,4,85.76,62.54
2025-02-02,1713,809.05,1,86.02,43.0
2025-02-03,2062,605.96,8,84.59,52.67
2025-02-04,2976,758.12,7,82.7,63.37
2025-02-05,2296,738.3,2,85.36,50.62
2025-02-06,2254,660.48,8,85.1,55.14
2025-02-07,3133,646.78,5,85.71,61.35
2025-02-08,1125,637.42,7,82.85,40.0
2025-02-09,1536,746.86,4,82.97,44.05
2025-02-10,3192,676.96,5,86.45,61.38
2025-02-11,3072,832.75,8,85.75,66.56
2025-02-12,2603,767.84,1,86.54,48.99
2025-02-13,1066,527.97,1,85.79,26.74
2025-02-14,1232,756.07,4,84.99,39.5
2025-02-15,3156,608.46,3,85.27,55.36
2025-02-16,2169,737.12,10,86.45,55.13
2025-02-17,3158,772.05,2,84.89,54.63
2025-02-18,3275,592.33,3,85.16,58.75
2025-02-19,1110,682.74,11,82.78,46.63
2025-02-20,2493,576.13,11,84.37,59.11
2025-02-21,3081,520.94,11,85.58,59.96
2025-02-22,1622,651.39,1,83.35,37.45
2025-02-23,3472,645.18,1,83.01,54.14
2025-02-24,2541,898.19,6,83.57,58.23
2025-02-25,2305,678.54,5,83.21,53.58
2025-02-26,2761,633.43,8,83.07,60.98
2025-02-27,2975,732.19,2,84.12,54.5
2025-02-28,3362,535.51,4,86.54,57.68
2025-03-01,1876,884.67,8,84.54,61.11
2025-03-02,2989,753.98,6,82.94,63.02
2025-03-03,2312,801.94,1,82.38,49.64
2025-03-04,2460,568.19,4,85.48,48.04
2025-03-05,3324,663.79,1,83.91,55.95
2025-03-06,2733,669.08,2,86.11,49.67
2025-03-07,2605,828.72,5,85.3,57.86
2025-03-08,2526,500.49,8,85.98,53.18
2025-03-09,3397,620.34,8,83.36,63.63
2025-03-10,2630,892.49,11,85.46,68.84
2025-03-11,2160,689.95,3,83.32,46.8
2025-03-12,1758,653.01,11,86.7,55.97
2025-03-13,1242,547.93,4,85.18,32.59
2025-03-14,2063,889.67,10,83.62,63.84
2025-03-15,1228,508.01,11,83.35,45.6
2025-03-16,1919,794.87,6,82.95,53.61
2025-03-17,2246,807.44,11,85.47,61.57
2025-03-18,1005,597.46,11,83.09,41.09
2025-03-19,1467,768.62,10,84.98,53.85
2025-03-20,2755,537.17,3,83.32,48.54
2025-03-21,1074,602.82,2,85.31,33.83
2025-03-22,1003,815.16,6,86.07,42.08
2025-03-23,2870,845.87,11,85.89,72.1
2025-03-24,1645,743.39,5,85.8,48.36
2025-03-25,1117,702.74,10,82.94,47.06
2025-03-26,2629,563.72,5,82.44,51.54
2025-03-27,3021,525.24,10,85.49,61.73
2025-03-28,1946,547.06,5,83.84,41.73
2025-03-29,2464,590.94,10,84.16,58.43
2025-03-30,1193,636.67,5,82.16,41.78
2025-03-31,1846,652.36,3,83.3,42.58
2025-04-01,2415,638.53,7,82.17,50.88
2025-04-02,2458,595.62,6,86.4,50.07
2025-04-03,3220,703.89,4,83.22,55.76
2025-04-04,2668,830.11,2,84.79,57.16
2025-04-05,3373,611.88,9,82.19,67.11
2025-04-06,2433,876.95,1,85.33,51.14
2025-04-07,2141,849.33,11,83.62,60.55
2025-04-08,2810,564.71,4,86.49,49.37
2025-04-09,1723,814.51,1,86.44,41.89
2025-04-10,1224,729.83,6,83.63,43.35
2025-04-11,1531,726.63,4,86.5,43.26
2025-04-12,1112,656.42,5,86.98,41.0
2025-04-13,3187,700.46,5,86.13,59.0
2025-04-14,1558,658.87,9,86.22,45.83
2025-04-15,3048,715.89,1,83.25,51.14
2025-04-16,3137,751.18,2,84.88,56.86
2025-04-17,1653,769.72,6,82.34,47.16
2025-04-18,1319,712.99,5,82.47,41.5
2025-04-19,2573,788.57,11,86.99,64.98
2025-04-20,2828,556.51,7,83.63,57.46
2025-04-21,2917,584.79,3,85.74,50.04
2025-04-22,1138,827.49,3,86.03,39.95
2025-04-23,3026,629.01,10,86.29,65.56
2025-04-24,3306,509.16,2,86.99,50.2
2025-04-25,1901,561.52,3,83.21,41.2
2025-04-26,1689,589.45,10,82.2,50.24
2025-04-27,3039,882.93,1,84.06,58.66
2025-04-28,1009,729.22,5,82.65,37.2
2025-04-29,1260,873.09,5,82.11,48.75
2025-04-30,2942,730.07,11,83.8,72.26
2025-05-01,2673,691.74,7,85.92,58.0
2025-05-02,3219,625.49,4,84.83,54.86
2025-05-03,3060,742.55,3,83.56,57.43
2025-05-04,2191,555.68,1,85.27,42.06
2025-05-05,2619,859.3,8,83.16,62.74
2025-05-06,1320,831.73,3,82.07,42.39
2025-05-07,2342,627.01,2,85.82,45.91
2025-05-08,2636,881.12,11,85.12,71.7
2025-05-09,3376,830.08,4,85.81,66.21
2025-05-10,2994,766.52,3,82.19,59.07
2025-05-11,2943,548.7,1,86.19,46.54
2025-05-12,3038,691.29,3,85.1,56.42
2025-05-13,2118,702.44,2,84.82,43.81
2025-05-14,2604,593.02,8,85.12,57.52
2025-05-15,3365,531.99,6,86.32,60.91
2025-05-16,1235,810.69,9,84.93,51.28
2025-05-17,2969,548.81,8,84.9,57.42
2025-05-18,1333,737.72,10,86.95,50.05
2025-05-19,2908,874.58,3,85.78,63.43
2025-05-20,1375,850.44,5,84.21,46.06
2025-05-21,2160,611.1,7,85.54,52.53
2025-05-22,2570,840.58,5,83.95,59.1
2025-05-23,2319,500.13,8,83.14,49.53
2025-05-24,2855,507.08,5,84.98,48.57
2025-05-25,2372,741.02,1,86.64,47.87
2025-05-26,1872,645.92,5,86.65,45.78
2025-05-27,2252,654.58,4,83.71,51.77
2025-05-28,3317,725.78,6,84.64,62.22
2025-05-29,2851,576.71,3,83.06,54.9
2025-05-30,2314,584.7,11,86.98,57.94
2025-05-31,1724,693.84,5,86.91,46.31
2025-06-01,3052,801.7,2,85.25,56.38
2025-06-02,1077,747.8,11,86.02,50.33
2025-06-03,1131,618.94,6,85.58,39.82
2025-06-04,1600,672.13,6,84.97,47.04
2025-06-05,2772,568.27,5,82.27,50.31
2025-06-06,2065,529.85,6,84.27,48.36
2025-06-07,3136,813.08,11,85.37,72.98
2025-06-08,3449,606.15,7,85.39,64.39
2025-06-09,3343,571.11,5,83.87,57.62
2025-06-10,2863,776.65,1,86.71,51.57
2025-06-11,2318,747.22,8,82.84,57.74
2025-06-12,1615,753.28,4,84.5,45.12
2025-06-13,3469,591.56,9,85.45,63.17
2025-06-14,2888,593.06,10,85.49,63.26
2025-06-15,2046,588.32,6,85.24,49.1
2025-06-16,1574,569.5,1,83.38,32.87
2025-06-17,3190,762.29,3,82.78,57.22
2025-06-18,1992,839.21,3,85.18,48.99
2025-06-19,3192,789.73,10,85.0,70.66
2025-06-20,2248,816.84,4,82.9,52.46
2025-06-21,1502,661.92,6,85.53,43.76
2025-06-22,2997,761.63,7,84.28,63.76
2025-06-23,1820,641.69,10,85.34,49.71
2025-06-24,3151,710.2,4,86.19,56.31
2025-06-25,2970,692.65,6,82.85,54.03
2025-06-26,1197,570.75,11,82.1,47.48
2025-06-27,2669,654.83,1,85.9,47.87
2025-06-28,3438,885.53,8,85.05,75.04
2025-06-29,2202,599.43,7,85.5,48.23
2025-06-30,2471,553.52,11,86.19,57.86
2025-07-01,2646,667.43,11,86.01,63.41
2025-07-02,2692,816.14,9,86.8,63.78
2025-07-03,2312,732.86,3,84.68,46.5
2025-07-04,3035,772.39,2,84.44,60.01
2025-07-05,1477,575.88,1,84.01,36.34
2025-07-06,2254,747.58,3,82.77,48.7
2025-07-07,1922,629.4,5,84.86,46.62
2025-07-08,1419,833.72,11,83.39,54.73
2025-07-09,3204,751.72,2,86.61,55.6
2025-07-10,2120,579.54,3,84.92,46.74
2025-07-11,1950,525.85,4,84.96,37.96
2025-07-12,3336,517.05,7,83.77,58.8
2025-07-13,2277,648.56,3,82.26,46.9
2025-07-14,3243,606.34,9,82.16,67.42
2025-07-15,2857,758.44,8,84.12,65.12
2025-07-16,1516,699.73,4,82.42,38.81
2025-07-17,2658,606.41,1,85.03,46.27
2025-07-18,2865,559.7,1,86.4,46.98
2025-07-19,2141,550.88,1,86.41,38.98
2025-07-20,2932,845.86,1,85.3,57.44
2025-07-21,1814,597.39,8,83.06,45.24
2025-07-22,3275,760.68,3,86.31,59.25
2025-07-23,2900,824.27,6,86.43,63.69
2025-07-24,3263,745.63,3,82.98,60.86
2025-07-25,3062,843.83,11,85.69,72.73
2025-07-26,3094,656.96,5,83.43,57.57
2025-07-27,3371,882.49,7,86.01,70.44
2025-07-28,1129,553.26,2,86.99,32.37
2025-07-29,1094,540.86,6,82.15,36.23
2025-07-30,2955,763.48,6,86.49,59.37
2025-07-31,1793,877.13,11,85.11,58.28
2025-08-01,2834,823.55,3,86.87,54.57
2025-08-02,3116,530.57,6,84.33,58.99
2025-08-03,2683,611.75,10,86.24,61.8
2025-08-04,1010,872.13,10,82.31,51.05
2025-08-05,2865,601.22,5,83.68,53.28
2025-08-06,1711,812.47,2,82.34,43.34
2025-08-07,3070,830.05,9,86.88,71.29
2025-08-08,1814,698.18,8,86.08,54.89
2025-08-09,1345,654.54,3,86.26,36.38
2025-08-10,3349,680.05,8,86.69,68.17
2025-08-11,1362,590.79,9,82.43,44.9
2025-08-12,3443,855.76,3,83.93,64.18
2025-08-13,3265,680.25,3,82.36,60.57
2025-08-14,3188,852.98,2,83.05,60.45
2025-08-15,1984,542.28,8,83.15,48.7
2025-08-16,2639,895.31,10,84.35,68.75
2025-08-17,1827,677.31,1,83.34,36.84
2025-08-18,1355,519.13,8,82.5,41.7
2025-08-19,2347,515.21,7,82.84,48.3
2025-08-20,2863,798.48,7,82.74,60.24
2025-08-21,1126,763.61,3,86.87,37.63
2025-08-22,1603,820.85,1,85.8,41.1
2025-08-23,2928,542.15,4,86.84,53.6
2025-08-24,2013,514.23,9,84.2,46.93
2025-08-25,1050,703.43,5,83.39,37.52
2025-08-26,2430,655.04,1,85.99,45.92
2025-08-27,2792,684.78,5,83.63,53.31
2025-08-28,2636,896.64,8,83.5,63.94
2025-08-29,2645,888.3,8,83.16,61.77
2025-08-30,3467,876.93,5,82.65,70.32
2025-08-31,2205,813.54,9,83.28,59.35
2025-09-01,2854,641.94,1,83.78,49.27
2025-09-02,1566,664.85,4,85.37,43.44
2025-09-03,3418,719.85,3,82.31,58.83
2025-09-04,1935,832.21,2,83.05,46.69
2025-09-05,2934,527.49,8,86.05,55.05
2025-09-06,2332,669.72,7,82.73,51.79
2025-09-07,1201,533.05,9,83.71,39.66
2025-09-08,3360,705.86,2,86.32,56.79
2025-09-09,1116,859.56,4,82.77,42.18
2025-09-10,1936,812.99,6,82.41,53.33
2025-09-11,1574,591.14,11,84.42,48.19
2025-09-12,3291,890.4,3,83.51,64.76
2025-09-13,1536,766.94,8,84.82,51.34
2025-09-14,2625,504.17,3,86.02,44.94
2025-09-15,3122,602.17,2,82.69,50.68
2025-09-16,1385,604.29,3,84.9,36.65
2025-09-17,1474,527.7,11,84.53,46.67
2025-09-18,1417,883.93,6,82.72,50.13
2025-09-19,3394,691.3,2,85.12,60.82
2025-09-20,1938,858.33,8,83.37,57.27
2025-09-21,1954,628.89,1,84.44,38.63
2025-09-22,1875,550.09,7,82.41,43.97
2025-09-23,1762,689.73,2,84.3,39.61
2025-09-24,2202,545.58,10,83.53,50.46
2025-09-25,2205,694.41,6,86.11,53.75
2025-09-26,1663,868.12,2,82.28,41.21
